Depression,Fluoxetine
Depression,citalopram
Depression,paroxetine
Depression,sertraline
Depression,dapoxetine
Depression,escitalopram
Depression,fluvoxamine
Depression,duloxetine
Depression,venlafaxine
Depression,mirtazapine
Depression,amitriptyline
Depression,clomipramine
Depression,imipramine
Depression,lofepramine
Depression,nortriptyline
Depression,Prozac
Depression,Cipramil
Depression,Seroxat
Depression,Lustral
Depression,Priligy
Depression,Cipralex
Depression,Faverin
Depression,Cymbalta
Depression,Efexor
Depression,Zispin
Depression,Tryptizol
Depression,Anafranil
Depression,Tofranil
Depression,Gamanil
Depression,Allegron
Depression,Yentreve
Depression,Oxactin
Alzheimers,donepezil
Alzheimers,rivastigmine
Alzheimers,galantamine
Alzheimers,Aricept
Alzheimers,Exelon
Alzheimers,Reminyl
Blood Pressure,enalapril 
Blood Pressure,lisinopril 
Blood Pressure,perindopril 
Blood Pressure,ramipril
Blood Pressure,candesartan
Blood Pressure,irbesartan 
Blood Pressure,losartan 
Blood Pressure,valsartan 
Blood Pressure,olmesartan
Blood Pressure,amlodipine
Blood Pressure,felodipine 
Blood Pressure,nifedipine
Hypertension,olmesartan
Hypertension,verapamil
Hypertension,perindopril
Hypertension,losartan
Hypertension,nifedipine
Hypertension,enalapril
Hypertension,candesarta
Hypertension,amlodipine
Hypertension,lisinopril
Hypertension,irbesartan
Hypertension,felodipine
Hypertension,ramipril
Hypertension,valsartan
Hypertension,diltiazem
Diabetes,Metformin
Cardiovascular disease,atorvastatin
Cardiovascular disease,fluvastatin
Cardiovascular disease,pravastatin
Cardiovascular disease,rosuvastatin
Cardiovascular disease,simvastatin
Cardiovascular disease,Lipitor
Cardiovascular disease,Lescol
Cardiovascular disease,Lipostat
Cardiovascular disease,Crestor
Cardiovascular disease,Zocor
insomnia,Zopiclone
addiction,methadone
social anxiety,escitalopram
social anxiety,sertraline
